"id","genes","cluster","symbol"
"ENSMUSG00000040405","ENSMUSG00000040405",1,"Havcr1"
"ENSMUSG00000028017","ENSMUSG00000028017",2,"Egf"
"ENSMUSG00000034810","ENSMUSG00000034810",3,"Scn7a"
"ENSMUSG00000027199","ENSMUSG00000027199",2,"Gatm"
"ENSMUSG00000026348","ENSMUSG00000026348",2,"Acmsd"
"ENSMUSG00000022037","ENSMUSG00000022037",1,"Clu"
"ENSMUSG00000029304","ENSMUSG00000029304",1,"Spp1"
"ENSMUSG00000041052","ENSMUSG00000041052",2,"Slc7a13"
"ENSMUSG00000021490","ENSMUSG00000021490",2,"Slc34a1"
"ENSMUSG00000021477","ENSMUSG00000021477",1,"Ctsl"
"ENSMUSG00000083863","ENSMUSG00000083863",4,NA
"ENSMUSG00000004730","ENSMUSG00000004730",3,"Adgre1"
"ENSMUSG00000061947","ENSMUSG00000061947",1,"Serpina10"
"ENSMUSG00000022445","ENSMUSG00000022445",2,"Cyp2d26"
"ENSMUSG00000027962","ENSMUSG00000027962",5,"Vcam1"
"ENSMUSG00000083563","ENSMUSG00000083563",4,NA
"ENSMUSG00000038608","ENSMUSG00000038608",5,"Dock10"
"ENSMUSG00000024313","ENSMUSG00000024313",2,"Mep1b"
"ENSMUSG00000005980","ENSMUSG00000005980",6,"Dnase1"
"ENSMUSG00000022613","ENSMUSG00000022613",2,"Miox"
"ENSMUSG00000040254","ENSMUSG00000040254",7,"Sema3d"
"ENSMUSG00000076441","ENSMUSG00000076441",2,"Ass1"
"ENSMUSG00000024164","ENSMUSG00000024164",8,"C3"
"ENSMUSG00000025479","ENSMUSG00000025479",2,"Cyp2e1"
"ENSMUSG00000039438","ENSMUSG00000039438",2,"Ttc36"
"ENSMUSG00000078597","ENSMUSG00000078597",1,"Cyp4a12b"
"ENSMUSG00000028001","ENSMUSG00000028001",1,"Fga"
"ENSMUSG00000032231","ENSMUSG00000032231",1,"Anxa2"
"ENSMUSG00000090634","ENSMUSG00000090634",1,NA
"ENSMUSG00000047586","ENSMUSG00000047586",2,"Nccrp1"
"ENSMUSG00000055095","ENSMUSG00000055095",1,"Spink6"
"ENSMUSG00000003617","ENSMUSG00000003617",1,"Cp"
"ENSMUSG00000015852","ENSMUSG00000015852",3,"Fcrls"
"ENSMUSG00000030359","ENSMUSG00000030359",6,"Pzp"
"ENSMUSG00000066097","ENSMUSG00000066097",2,"Cyp2j11"
"ENSMUSG00000078650","ENSMUSG00000078650",2,"G6pc"
"ENSMUSG00000028222","ENSMUSG00000028222",9,"Calb1"
"ENSMUSG00000019278","ENSMUSG00000019278",2,"Dpep1"
"ENSMUSG00000030218","ENSMUSG00000030218",3,"Mgp"
"ENSMUSG00000028494","ENSMUSG00000028494",1,"Plin2"
"ENSMUSG00000001467","ENSMUSG00000001467",2,"Cyp51"
"ENSMUSG00000027202","ENSMUSG00000027202",2,"Slc12a1"
"ENSMUSG00000005054","ENSMUSG00000005054",1,"Cstb"
"ENSMUSG00000031004","ENSMUSG00000031004",8,"Mki67"
"ENSMUSG00000033831","ENSMUSG00000033831",1,"Fgb"
"ENSMUSG00000023886","ENSMUSG00000023886",3,"Smoc2"
"ENSMUSG00000033860","ENSMUSG00000033860",1,"Fgg"
"ENSMUSG00000091747","ENSMUSG00000091747",8,NA
"ENSMUSG00000058715","ENSMUSG00000058715",3,"Fcer1g"
"ENSMUSG00000017146","ENSMUSG00000017146",1,"Brca1"
"ENSMUSG00000021416","ENSMUSG00000021416",2,"Eci3"
"ENSMUSG00000035385","ENSMUSG00000035385",5,"Ccl2"
"ENSMUSG00000028976","ENSMUSG00000028976",9,"Slc2a5"
"ENSMUSG00000024610","ENSMUSG00000024610",3,"Cd74"
"ENSMUSG00000068086","ENSMUSG00000068086",2,"Cyp2d9"
"ENSMUSG00000037095","ENSMUSG00000037095",1,"Lrg1"
"ENSMUSG00000038508","ENSMUSG00000038508",1,"Gdf15"
"ENSMUSG00000026249","ENSMUSG00000026249",3,"Serpine2"
"ENSMUSG00000040808","ENSMUSG00000040808",9,"S100g"
"ENSMUSG00000057103","ENSMUSG00000057103",2,"Nat8f1"
"ENSMUSG00000058809","ENSMUSG00000058809",10,NA
"ENSMUSG00000079105","ENSMUSG00000079105",3,"C7"
"ENSMUSG00000028885","ENSMUSG00000028885",1,"Smpdl3b"
"ENSMUSG00000022366","ENSMUSG00000022366",2,"Slc22a22"
"ENSMUSG00000013698","ENSMUSG00000013698",1,"Pea15a"
"ENSMUSG00000035540","ENSMUSG00000035540",1,"Gc"
"ENSMUSG00000045322","ENSMUSG00000045322",3,"Tlr9"
"ENSMUSG00000027907","ENSMUSG00000027907",1,"S100a11"
"ENSMUSG00000063796","ENSMUSG00000063796",6,"Slc22a8"
"ENSMUSG00000045328","ENSMUSG00000045328",8,"Cenpe"
"ENSMUSG00000024866","ENSMUSG00000024866",2,"Acy3"
"ENSMUSG00000038704","ENSMUSG00000038704",2,"Aspdh"
"ENSMUSG00000032218","ENSMUSG00000032218",8,"Ccnb2"
"ENSMUSG00000001517","ENSMUSG00000001517",1,"Foxm1"
"ENSMUSG00000079495","ENSMUSG00000079495",9,"Nat8f6"
"ENSMUSG00000085772","ENSMUSG00000085772",2,"D630024D03Rik"
"ENSMUSG00000069516","ENSMUSG00000069516",3,"Lyz2"
"ENSMUSG00000040552","ENSMUSG00000040552",3,"C3ar1"
"ENSMUSG00000021556","ENSMUSG00000021556",1,"Golm1"
"ENSMUSG00000020051","ENSMUSG00000020051",2,"Pah"
"ENSMUSG00000029762","ENSMUSG00000029762",1,"Akr1b8"
"ENSMUSG00000071633","ENSMUSG00000071633",11,"Gm4952"
"ENSMUSG00000061353","ENSMUSG00000061353",9,"Cxcl12"
"ENSMUSG00000095143","ENSMUSG00000095143",2,"Hsd3b4"
"ENSMUSG00000040473","ENSMUSG00000040473",1,"Cfap69"
"ENSMUSG00000026193","ENSMUSG00000026193",3,"Fn1"
"ENSMUSG00000027408","ENSMUSG00000027408",3,"Cpxm1"
"ENSMUSG00000046598","ENSMUSG00000046598",2,"Bdh1"
"ENSMUSG00000091972","ENSMUSG00000091972",9,"Tmem207"
"ENSMUSG00000021207","ENSMUSG00000021207",2,"Akr1c21"
"ENSMUSG00000048327","ENSMUSG00000048327",8,"Ckap2l"
"ENSMUSG00000006342","ENSMUSG00000006342",2,"Susd2"
"ENSMUSG00000021750","ENSMUSG00000021750",2,"Fam107a"
"ENSMUSG00000046805","ENSMUSG00000046805",3,"Mpeg1"
"ENSMUSG00000036052","ENSMUSG00000036052",12,"Dnajb5"
"ENSMUSG00000086416","ENSMUSG00000086416",9,NA
"ENSMUSG00000020102","ENSMUSG00000020102",2,"Slc16a7"
"ENSMUSG00000029811","ENSMUSG00000029811",8,"Aoc1"
"ENSMUSG00000027386","ENSMUSG00000027386",9,"Fbln7"
"ENSMUSG00000000673","ENSMUSG00000000673",2,"Haao"
"ENSMUSG00000026822","ENSMUSG00000026822",1,"Lcn2"
"ENSMUSG00000029380","ENSMUSG00000029380",13,"Cxcl1"
"ENSMUSG00000027577","ENSMUSG00000027577",2,"Chrna4"
"ENSMUSG00000003477","ENSMUSG00000003477",2,"Inmt"
"ENSMUSG00000037548","ENSMUSG00000037548",5,"H2-DMb2"
"ENSMUSG00000001228","ENSMUSG00000001228",1,"Uhrf1"
"ENSMUSG00000027326","ENSMUSG00000027326",8,"Casc5"
"ENSMUSG00000027306","ENSMUSG00000027306",1,"Nusap1"
"ENSMUSG00000074115","ENSMUSG00000074115",14,"Saa1"
"ENSMUSG00000049103","ENSMUSG00000049103",3,"Ccr2"
"ENSMUSG00000037411","ENSMUSG00000037411",13,"Serpine1"
"ENSMUSG00000097421","ENSMUSG00000097421",8,NA
"ENSMUSG00000058914","ENSMUSG00000058914",2,"C1qtnf3"
"ENSMUSG00000036777","ENSMUSG00000036777",1,"Anln"
"ENSMUSG00000038587","ENSMUSG00000038587",1,"Akap12"
"ENSMUSG00000031740","ENSMUSG00000031740",3,"Mmp2"
"ENSMUSG00000052562","ENSMUSG00000052562",2,"Slc22a30"
"ENSMUSG00000031146","ENSMUSG00000031146",1,"Plp2"
"ENSMUSG00000038872","ENSMUSG00000038872",15,"Zfhx3"
"ENSMUSG00000018211","ENSMUSG00000018211",2,"Wfdc15b"
"ENSMUSG00000046711","ENSMUSG00000046711",16,"Hmga1"
"ENSMUSG00000026712","ENSMUSG00000026712",3,"Mrc1"
"ENSMUSG00000034993","ENSMUSG00000034993",1,"Vat1"
"ENSMUSG00000012443","ENSMUSG00000012443",1,"Kif11"
"ENSMUSG00000030579","ENSMUSG00000030579",3,"Tyrobp"
"ENSMUSG00000027284","ENSMUSG00000027284",3,"Cdan1"
"ENSMUSG00000039519","ENSMUSG00000039519",6,"Cyp7b1"
"ENSMUSG00000087178","ENSMUSG00000087178",17,NA
"ENSMUSG00000027513","ENSMUSG00000027513",9,"Pck1"
"ENSMUSG00000035356","ENSMUSG00000035356",14,"Nfkbiz"
"ENSMUSG00000029162","ENSMUSG00000029162",2,"Khk"
"ENSMUSG00000028527","ENSMUSG00000028527",2,"Ak4"
"ENSMUSG00000026043","ENSMUSG00000026043",3,"Col3a1"
"ENSMUSG00000002992","ENSMUSG00000002992",8,"Apoc2"
"ENSMUSG00000072613","ENSMUSG00000072613",1,NA
"ENSMUSG00000043832","ENSMUSG00000043832",3,"Clec4a3"
"ENSMUSG00000023905","ENSMUSG00000023905",1,"Tnfrsf12a"
"ENSMUSG00000096852","ENSMUSG00000096852",2,"Cyp2d12"
"ENSMUSG00000029445","ENSMUSG00000029445",2,"Hpd"
"ENSMUSG00000022346","ENSMUSG00000022346",1,"Myc"
"ENSMUSG00000074677","ENSMUSG00000074677",3,"LOC100038947"
"ENSMUSG00000032758","ENSMUSG00000032758",11,"Kap"
"ENSMUSG00000028581","ENSMUSG00000028581",3,"Laptm5"
"ENSMUSG00000032254","ENSMUSG00000032254",14,"Kif23"
"ENSMUSG00000000567","ENSMUSG00000000567",8,"Sox9"
"ENSMUSG00000038387","ENSMUSG00000038387",1,"Rras"
"ENSMUSG00000005947","ENSMUSG00000005947",7,"Itgae"
"ENSMUSG00000026189","ENSMUSG00000026189",2,"Pecr"
"ENSMUSG00000040663","ENSMUSG00000040663",1,"Clcf1"
"ENSMUSG00000037649","ENSMUSG00000037649",5,"H2-DMa"
"ENSMUSG00000006574","ENSMUSG00000006574",2,"Slc4a1"
"ENSMUSG00000087264","ENSMUSG00000087264",17,"Gad1os"
"ENSMUSG00000001131","ENSMUSG00000001131",1,"Timp1"
"ENSMUSG00000091382","ENSMUSG00000091382",2,"Vmn1r18"
"ENSMUSG00000031294","ENSMUSG00000031294",2,"D630029K05Rik"
"ENSMUSG00000051439","ENSMUSG00000051439",14,"Cd14"
"ENSMUSG00000042379","ENSMUSG00000042379",6,"Esm1"
"ENSMUSG00000002797","ENSMUSG00000002797",6,"Ggct"
"ENSMUSG00000028175","ENSMUSG00000028175",8,"Depdc1a"
"ENSMUSG00000037405","ENSMUSG00000037405",14,"Icam1"
"ENSMUSG00000090817","ENSMUSG00000090817",2,"Gm4450"
"ENSMUSG00000067144","ENSMUSG00000067144",11,"Slc22a7"
"ENSMUSG00000045136","ENSMUSG00000045136",8,"Tubb2b"
"ENSMUSG00000026355","ENSMUSG00000026355",1,"Mcm6"
"ENSMUSG00000057228","ENSMUSG00000057228",2,"Aadat"
"ENSMUSG00000002870","ENSMUSG00000002870",1,"Mcm2"
"ENSMUSG00000031673","ENSMUSG00000031673",3,"Cdh11"
"ENSMUSG00000038642","ENSMUSG00000038642",3,"Ctss"
"ENSMUSG00000085385","ENSMUSG00000085385",1,NA
"ENSMUSG00000056738","ENSMUSG00000056738",18,"A730036I17Rik"
"ENSMUSG00000038641","ENSMUSG00000038641",9,"Akr1d1"
"ENSMUSG00000053303","ENSMUSG00000053303",6,"Slc22a26"
"ENSMUSG00000051076","ENSMUSG00000051076",1,"Vtcn1"
"ENSMUSG00000026179","ENSMUSG00000026179",2,"Pnkd"
"ENSMUSG00000020248","ENSMUSG00000020248",16,"Nfyb"
"ENSMUSG00000024640","ENSMUSG00000024640",1,"Psat1"
"ENSMUSG00000025059","ENSMUSG00000025059",2,"Gk"
"ENSMUSG00000079523","ENSMUSG00000079523",1,"Tmsb10"
"ENSMUSG00000041644","ENSMUSG00000041644",2,"Slc5a12"
"ENSMUSG00000058740","ENSMUSG00000058740",2,"Kcnt1"
"ENSMUSG00000032327","ENSMUSG00000032327",3,"Stra6"
"ENSMUSG00000073490","ENSMUSG00000073490",5,"AI607873"
"ENSMUSG00000061808","ENSMUSG00000061808",2,"Ttr"
"ENSMUSG00000023966","ENSMUSG00000023966",5,"Rsph9"
"ENSMUSG00000033715","ENSMUSG00000033715",2,"Akr1c14"
"ENSMUSG00000028111","ENSMUSG00000028111",19,"Ctsk"
"ENSMUSG00000068220","ENSMUSG00000068220",1,"Lgals1"
"ENSMUSG00000073421","ENSMUSG00000073421",3,"H2-Ab1"
"ENSMUSG00000029188","ENSMUSG00000029188",1,"Slc34a2"
"ENSMUSG00000032078","ENSMUSG00000032078",8,"Zpr1"
"ENSMUSG00000034906","ENSMUSG00000034906",8,"Ncaph"
"ENSMUSG00000001525","ENSMUSG00000001525",1,"Tubb5"
"ENSMUSG00000032300","ENSMUSG00000032300",8,"1700017B05Rik"
"ENSMUSG00000042903","ENSMUSG00000042903",16,"Foxo4"
"ENSMUSG00000043719","ENSMUSG00000043719",6,"Col6a6"
"ENSMUSG00000063590","ENSMUSG00000063590",2,"Slc22a28"
"ENSMUSG00000035914","ENSMUSG00000035914",5,"Cd276"
"ENSMUSG00000028044","ENSMUSG00000028044",1,"Cks1b"
"ENSMUSG00000039450","ENSMUSG00000039450",2,"Dcxr"
"ENSMUSG00000036198","ENSMUSG00000036198",3,"Arhgap36"
"ENSMUSG00000027075","ENSMUSG00000027075",20,"Slc43a1"
"ENSMUSG00000084286","ENSMUSG00000084286",2,NA
"ENSMUSG00000020649","ENSMUSG00000020649",1,"Rrm2"
"ENSMUSG00000022235","ENSMUSG00000022235",2,"Cmbl"
"ENSMUSG00000074825","ENSMUSG00000074825",16,"Itpripl1"
"ENSMUSG00000026547","ENSMUSG00000026547",1,"Tagln2"
"ENSMUSG00000055653","ENSMUSG00000055653",8,"Gpc3"
"ENSMUSG00000027947","ENSMUSG00000027947",3,"Il6ra"
"ENSMUSG00000009772","ENSMUSG00000009772",1,"Nuak2"
"ENSMUSG00000071637","ENSMUSG00000071637",1,NA
"ENSMUSG00000000078","ENSMUSG00000000078",14,"Klf6"
"ENSMUSG00000027995","ENSMUSG00000027995",5,"Tlr2"
"ENSMUSG00000005087","ENSMUSG00000005087",8,"Cd44"
"ENSMUSG00000028873","ENSMUSG00000028873",1,"Cdca8"
"ENSMUSG00000033032","ENSMUSG00000033032",2,"Afap1l1"
"ENSMUSG00000093398","ENSMUSG00000093398",2,NA
"ENSMUSG00000023262","ENSMUSG00000023262",2,"Acy1"
"ENSMUSG00000024757","ENSMUSG00000024757",6,"Slc22a19"
"ENSMUSG00000021943","ENSMUSG00000021943",9,"Gdf10"
"ENSMUSG00000002847","ENSMUSG00000002847",7,"Pla1a"
"ENSMUSG00000027870","ENSMUSG00000027870",2,"Hao2"
"ENSMUSG00000081805","ENSMUSG00000081805",9,NA
"ENSMUSG00000040322","ENSMUSG00000040322",1,"Slc25a24"
"ENSMUSG00000021390","ENSMUSG00000021390",9,"Ogn"
"ENSMUSG00000005716","ENSMUSG00000005716",2,"Pvalb"
"ENSMUSG00000026141","ENSMUSG00000026141",2,"Col19a1"
"ENSMUSG00000085069","ENSMUSG00000085069",2,"Gm13111"
"ENSMUSG00000028927","ENSMUSG00000028927",8,"Padi2"
"ENSMUSG00000031298","ENSMUSG00000031298",8,"Adgrg2"
"ENSMUSG00000044811","ENSMUSG00000044811",3,"AF251705"
"ENSMUSG00000032815","ENSMUSG00000032815",21,"Fanca"
"ENSMUSG00000085068","ENSMUSG00000085068",14,NA
"ENSMUSG00000001506","ENSMUSG00000001506",5,"Col1a1"
"ENSMUSG00000038521","ENSMUSG00000038521",5,"C1s1"
"ENSMUSG00000014599","ENSMUSG00000014599",13,"Csf1"
"ENSMUSG00000028718","ENSMUSG00000028718",1,"Stil"
"ENSMUSG00000064369","ENSMUSG00000064369",6,NA
"ENSMUSG00000054588","ENSMUSG00000054588",22,NA
"ENSMUSG00000096035","ENSMUSG00000096035",23,"Gm1045"
"ENSMUSG00000035031","ENSMUSG00000035031",2,"C8a"
"ENSMUSG00000041119","ENSMUSG00000041119",2,"Pde9a"
"ENSMUSG00000058216","ENSMUSG00000058216",1,"BC021614"
"ENSMUSG00000057580","ENSMUSG00000057580",2,NA
"ENSMUSG00000015711","ENSMUSG00000015711",1,"Prune"
"ENSMUSG00000040003","ENSMUSG00000040003",2,"Magi2"
"ENSMUSG00000025936","ENSMUSG00000025936",9,"Gm4956"
"ENSMUSG00000025175","ENSMUSG00000025175",2,"Fn3k"
"ENSMUSG00000031271","ENSMUSG00000031271",1,"Serpina7"
"ENSMUSG00000074639","ENSMUSG00000074639",2,"BC089597"
"ENSMUSG00000028068","ENSMUSG00000028068",8,"Iqgap3"
"ENSMUSG00000029369","ENSMUSG00000029369",2,"Afm"
"ENSMUSG00000032000","ENSMUSG00000032000",5,"Birc3"
"ENSMUSG00000029752","ENSMUSG00000029752",14,"Asns"
"ENSMUSG00000041115","ENSMUSG00000041115",2,"Iqsec2"
"ENSMUSG00000029096","ENSMUSG00000029096",3,"Htra3"
"ENSMUSG00000036905","ENSMUSG00000036905",3,"C1qb"
"ENSMUSG00000026535","ENSMUSG00000026535",3,"Ifi202b"
"ENSMUSG00000039960","ENSMUSG00000039960",5,"Rhou"
"ENSMUSG00000004951","ENSMUSG00000004951",14,"Hspb1"
"ENSMUSG00000001025","ENSMUSG00000001025",14,"S100a6"
"ENSMUSG00000079662","ENSMUSG00000079662",5,NA
"ENSMUSG00000033585","ENSMUSG00000033585",17,"Ndn"
"ENSMUSG00000019122","ENSMUSG00000019122",5,"Ccl9"
"ENSMUSG00000044816","ENSMUSG00000044816",2,"D630023F18Rik"
"ENSMUSG00000077714","ENSMUSG00000077714",4,"Snord17"
"ENSMUSG00000021182","ENSMUSG00000021182",8,"Ccdc88c"
"ENSMUSG00000021493","ENSMUSG00000021493",1,"Pdlim7"
"ENSMUSG00000000884","ENSMUSG00000000884",15,"Gnb1l"
"ENSMUSG00000024672","ENSMUSG00000024672",3,"Ms4a7"
"ENSMUSG00000080928","ENSMUSG00000080928",8,NA
"ENSMUSG00000019850","ENSMUSG00000019850",5,"Tnfaip3"
"ENSMUSG00000026368","ENSMUSG00000026368",6,"F13b"
"ENSMUSG00000035944","ENSMUSG00000035944",2,"Ttc38"
"ENSMUSG00000090222","ENSMUSG00000090222",7,NA
"ENSMUSG00000087319","ENSMUSG00000087319",15,NA
"ENSMUSG00000017412","ENSMUSG00000017412",6,"Cacnb4"
"ENSMUSG00000032586","ENSMUSG00000032586",24,"Traip"
"ENSMUSG00000029499","ENSMUSG00000029499",2,"Pxmp2"
"ENSMUSG00000086807","ENSMUSG00000086807",10,"Platr21"
"ENSMUSG00000075256","ENSMUSG00000075256",8,"Cerkl"
"ENSMUSG00000038072","ENSMUSG00000038072",2,"Galnt11"
"ENSMUSG00000082884","ENSMUSG00000082884",10,NA
"ENSMUSG00000056296","ENSMUSG00000056296",6,"Synpr"
"ENSMUSG00000022893","ENSMUSG00000022893",1,"Adamts1"
"ENSMUSG00000031549","ENSMUSG00000031549",2,"Ido2"
"ENSMUSG00000002985","ENSMUSG00000002985",3,"Apoe"
"ENSMUSG00000029730","ENSMUSG00000029730",1,"Mcm7"
"ENSMUSG00000021610","ENSMUSG00000021610",25,"Clptm1l"
"ENSMUSG00000021367","ENSMUSG00000021367",5,"Edn1"
"ENSMUSG00000018623","ENSMUSG00000018623",3,"Mmp7"
"ENSMUSG00000020053","ENSMUSG00000020053",9,"Igf1"
"ENSMUSG00000028012","ENSMUSG00000028012",2,"Rrh"
"ENSMUSG00000043300","ENSMUSG00000043300",2,"B3galnt1"
"ENSMUSG00000041219","ENSMUSG00000041219",8,"Arhgap11a"
"ENSMUSG00000034394","ENSMUSG00000034394",1,"Lif"
"ENSMUSG00000015745","ENSMUSG00000015745",8,"Plekho1"
"ENSMUSG00000097534","ENSMUSG00000097534",25,"Gm16675"
"ENSMUSG00000022181","ENSMUSG00000022181",7,"C6"
"ENSMUSG00000003051","ENSMUSG00000003051",14,"Elf3"
"ENSMUSG00000043789","ENSMUSG00000043789",2,"Vwce"
"ENSMUSG00000041878","ENSMUSG00000041878",19,NA
"ENSMUSG00000030616","ENSMUSG00000030616",5,"Sytl2"
"ENSMUSG00000033569","ENSMUSG00000033569",7,"Adgrb3"
"ENSMUSG00000031293","ENSMUSG00000031293",20,"Rs1"
"ENSMUSG00000060969","ENSMUSG00000060969",2,"Irx1"
"ENSMUSG00000022999","ENSMUSG00000022999",3,"Lmbr1l"
"ENSMUSG00000097655","ENSMUSG00000097655",26,NA
"ENSMUSG00000040734","ENSMUSG00000040734",14,"Ppp1r13l"
"ENSMUSG00000019232","ENSMUSG00000019232",2,"Etnppl"
"ENSMUSG00000025887","ENSMUSG00000025887",3,"Casp12"
"ENSMUSG00000042436","ENSMUSG00000042436",3,"Mfap4"
"ENSMUSG00000013584","ENSMUSG00000013584",27,"Aldh1a2"
"ENSMUSG00000076431","ENSMUSG00000076431",8,"Sox4"
"ENSMUSG00000018927","ENSMUSG00000018927",3,"Ccl6"
"ENSMUSG00000053113","ENSMUSG00000053113",1,"Socs3"
"ENSMUSG00000095300","ENSMUSG00000095300",2,"Gm906"
"ENSMUSG00000021091","ENSMUSG00000021091",1,"Serpina3n"
"ENSMUSG00000033285","ENSMUSG00000033285",1,"Wdr3"
"ENSMUSG00000022679","ENSMUSG00000022679",2,"Mpv17l"
"ENSMUSG00000028195","ENSMUSG00000028195",1,"Cyr61"
"ENSMUSG00000022488","ENSMUSG00000022488",5,"Nckap1l"
"ENSMUSG00000002602","ENSMUSG00000002602",5,"Axl"
"ENSMUSG00000041577","ENSMUSG00000041577",9,"Prelp"
"ENSMUSG00000019194","ENSMUSG00000019194",1,"Scn1b"
"ENSMUSG00000005667","ENSMUSG00000005667",13,"Mthfd2"
"ENSMUSG00000037868","ENSMUSG00000037868",3,"Egr2"
"ENSMUSG00000029414","ENSMUSG00000029414",8,"Kntc1"
"ENSMUSG00000074183","ENSMUSG00000074183",1,"Gsta1"
"ENSMUSG00000028282","ENSMUSG00000028282",1,"Casp8ap2"
"ENSMUSG00000079592","ENSMUSG00000079592",3,"C1qtnf5"
"ENSMUSG00000020290","ENSMUSG00000020290",1,"Xpo1"
"ENSMUSG00000039954","ENSMUSG00000039954",1,"Stk32a"
"ENSMUSG00000005150","ENSMUSG00000005150",15,"Wdr83"
"ENSMUSG00000035673","ENSMUSG00000035673",1,"Sbno2"
"ENSMUSG00000040522","ENSMUSG00000040522",3,"Tlr8"
"ENSMUSG00000074194","ENSMUSG00000074194",7,"Zfp791"
"ENSMUSG00000006362","ENSMUSG00000006362",3,"Cbfa2t3"
"ENSMUSG00000068855","ENSMUSG00000068855",15,"Hist2h2ac"
"ENSMUSG00000089601","ENSMUSG00000089601",7,NA
"ENSMUSG00000053007","ENSMUSG00000053007",1,"Creb5"
"ENSMUSG00000052160","ENSMUSG00000052160",3,"Pld4"
"ENSMUSG00000097503","ENSMUSG00000097503",11,"3110045C21Rik"
"ENSMUSG00000039116","ENSMUSG00000039116",5,"Adgrg6"
"ENSMUSG00000026984","ENSMUSG00000026984",5,"Il1f6"
"ENSMUSG00000022780","ENSMUSG00000022780",8,"Mfi2"
"ENSMUSG00000020877","ENSMUSG00000020877",24,"Scrn2"
"ENSMUSG00000004668","ENSMUSG00000004668",2,"Abca13"
"ENSMUSG00000082475","ENSMUSG00000082475",4,NA
"ENSMUSG00000031479","ENSMUSG00000031479",8,"Vps36"
"ENSMUSG00000023067","ENSMUSG00000023067",1,"Cdkn1a"
"ENSMUSG00000042745","ENSMUSG00000042745",1,"Id1"
"ENSMUSG00000032802","ENSMUSG00000032802",1,"Srxn1"
"ENSMUSG00000039384","ENSMUSG00000039384",1,"Dusp10"
"ENSMUSG00000070583","ENSMUSG00000070583",16,"Fv1"
"ENSMUSG00000006469","ENSMUSG00000006469",2,"Slc34a3"
"ENSMUSG00000046916","ENSMUSG00000046916",17,"Myct1"
"ENSMUSG00000021886","ENSMUSG00000021886",3,"Gpr65"
"ENSMUSG00000069310","ENSMUSG00000069310",8,"Hist1h3c"
"ENSMUSG00000036894","ENSMUSG00000036894",14,"Rap2b"
"ENSMUSG00000054715","ENSMUSG00000054715",4,"Zscan22"
"ENSMUSG00000083386","ENSMUSG00000083386",7,NA
"ENSMUSG00000028654","ENSMUSG00000028654",13,"Mycl"
"ENSMUSG00000000120","ENSMUSG00000000120",3,"Ngfr"
"ENSMUSG00000032332","ENSMUSG00000032332",15,"Col12a1"
"ENSMUSG00000054031","ENSMUSG00000054031",2,NA
"ENSMUSG00000024575","ENSMUSG00000024575",2,"Pde6a"
"ENSMUSG00000020429","ENSMUSG00000020429",2,"Igfbp1"
"ENSMUSG00000032554","ENSMUSG00000032554",3,"Trf"
"ENSMUSG00000030247","ENSMUSG00000030247",6,"Kcnj8"
"ENSMUSG00000053168","ENSMUSG00000053168",2,"9030619P08Rik"
"ENSMUSG00000058427","ENSMUSG00000058427",8,"Cxcl2"
"ENSMUSG00000006398","ENSMUSG00000006398",8,"Cdc20"
"ENSMUSG00000023043","ENSMUSG00000023043",8,"Krt18"
"ENSMUSG00000039683","ENSMUSG00000039683",3,"Sdk1"
"ENSMUSG00000005364","ENSMUSG00000005364",5,"Il5ra"
"ENSMUSG00000022471","ENSMUSG00000022471",14,"Xrcc6"
"ENSMUSG00000027762","ENSMUSG00000027762",2,"Sucnr1"
"ENSMUSG00000035580","ENSMUSG00000035580",19,"Kcnh8"
"ENSMUSG00000068426","ENSMUSG00000068426",2,"Vmn1r19"
"ENSMUSG00000024909","ENSMUSG00000024909",8,"Efemp2"
"ENSMUSG00000097576","ENSMUSG00000097576",24,NA
"ENSMUSG00000039385","ENSMUSG00000039385",27,"Cdh6"
"ENSMUSG00000043587","ENSMUSG00000043587",15,"Pxylp1"
"ENSMUSG00000030986","ENSMUSG00000030986",1,"Dhx32"
"ENSMUSG00000026981","ENSMUSG00000026981",8,"Il1rn"
"ENSMUSG00000049985","ENSMUSG00000049985",16,"Ankrd55"
"ENSMUSG00000078249","ENSMUSG00000078249",1,"Hmga1-rs1"
"ENSMUSG00000028456","ENSMUSG00000028456",5,"Unc13b"
"ENSMUSG00000066363","ENSMUSG00000066363",22,"Serpina3f"
"ENSMUSG00000083606","ENSMUSG00000083606",14,NA
"ENSMUSG00000034227","ENSMUSG00000034227",13,"Foxj1"
"ENSMUSG00000035713","ENSMUSG00000035713",8,"Usp35"
"ENSMUSG00000048108","ENSMUSG00000048108",6,"Tmem72"
"ENSMUSG00000027171","ENSMUSG00000027171",14,"Prrg4"
"ENSMUSG00000010175","ENSMUSG00000010175",9,"Prox1"
"ENSMUSG00000028583","ENSMUSG00000028583",8,"Pdpn"
"ENSMUSG00000044477","ENSMUSG00000044477",8,"Zfand3"
"ENSMUSG00000069515","ENSMUSG00000069515",3,"Lyz1"
"ENSMUSG00000030786","ENSMUSG00000030786",3,"Itgam"
"ENSMUSG00000040569","ENSMUSG00000040569",6,"Slc26a7"
"ENSMUSG00000006095","ENSMUSG00000006095",28,"Tbcb"
"ENSMUSG00000090084","ENSMUSG00000090084",3,"Srpx"
"ENSMUSG00000097471","ENSMUSG00000097471",22,"5830432E09Rik"
"ENSMUSG00000032783","ENSMUSG00000032783",8,"Troap"
"ENSMUSG00000025789","ENSMUSG00000025789",5,"St8sia2"
"ENSMUSG00000033685","ENSMUSG00000033685",14,"Ucp2"
"ENSMUSG00000040659","ENSMUSG00000040659",14,"Efhd2"
"ENSMUSG00000029819","ENSMUSG00000029819",6,"Npy"
"ENSMUSG00000022842","ENSMUSG00000022842",1,"Ece2"
"ENSMUSG00000026166","ENSMUSG00000026166",13,"Ccl20"
"ENSMUSG00000041828","ENSMUSG00000041828",2,"Abca8a"
"ENSMUSG00000069919","ENSMUSG00000069919",10,"Hba-a1"
"ENSMUSG00000037960","ENSMUSG00000037960",1,"Card19"
"ENSMUSG00000068196","ENSMUSG00000068196",3,"Col8a1"
"ENSMUSG00000081817","ENSMUSG00000081817",29,NA
"ENSMUSG00000082132","ENSMUSG00000082132",7,NA
"ENSMUSG00000015396","ENSMUSG00000015396",3,"Cd83"
"ENSMUSG00000076928","ENSMUSG00000076928",2,NA
"ENSMUSG00000018554","ENSMUSG00000018554",2,"Ybx2"
"ENSMUSG00000081362","ENSMUSG00000081362",2,NA
"ENSMUSG00000085174","ENSMUSG00000085174",3,NA
"ENSMUSG00000022176","ENSMUSG00000022176",12,"Rem2"
"ENSMUSG00000090255","ENSMUSG00000090255",1,"4921534H16Rik"
"ENSMUSG00000084883","ENSMUSG00000084883",24,"Ccdc85c"
"ENSMUSG00000002032","ENSMUSG00000002032",2,"Tmem25"
"ENSMUSG00000028890","ENSMUSG00000028890",16,"Mtf1"
"ENSMUSG00000025060","ENSMUSG00000025060",14,"Slk"
"ENSMUSG00000040613","ENSMUSG00000040613",3,"Apobec1"
"ENSMUSG00000096807","ENSMUSG00000096807",1,"Hist1h2bm"
"ENSMUSG00000028159","ENSMUSG00000028159",5,"Dapp1"
"ENSMUSG00000041449","ENSMUSG00000041449",30,NA
"ENSMUSG00000059089","ENSMUSG00000059089",7,"Fcgr4"
"ENSMUSG00000023505","ENSMUSG00000023505",24,"Cdca3"
"ENSMUSG00000035824","ENSMUSG00000035824",6,"Tk2"
"ENSMUSG00000066632","ENSMUSG00000066632",23,NA
"ENSMUSG00000037628","ENSMUSG00000037628",8,"Cdkn3"
"ENSMUSG00000022002","ENSMUSG00000022002",2,"Erich6b"
"ENSMUSG00000003541","ENSMUSG00000003541",1,"Ier3"
"ENSMUSG00000045930","ENSMUSG00000045930",6,"Clec14a"
"ENSMUSG00000091730","ENSMUSG00000091730",3,NA
"ENSMUSG00000024803","ENSMUSG00000024803",14,"Ankrd1"
"ENSMUSG00000059406","ENSMUSG00000059406",31,"Tmprss9"
"ENSMUSG00000031445","ENSMUSG00000031445",9,"Proz"
"ENSMUSG00000034739","ENSMUSG00000034739",2,"Mfrp"
"ENSMUSG00000063632","ENSMUSG00000063632",1,"Sox11"
"ENSMUSG00000029193","ENSMUSG00000029193",26,"Cckar"
"ENSMUSG00000030268","ENSMUSG00000030268",16,"Bcat1"
"ENSMUSG00000041698","ENSMUSG00000041698",11,"Slco1a1"
"ENSMUSG00000097008","ENSMUSG00000097008",15,NA
"ENSMUSG00000056973","ENSMUSG00000056973",9,"Ces1d"
"ENSMUSG00000016024","ENSMUSG00000016024",8,"Lbp"
"ENSMUSG00000039936","ENSMUSG00000039936",3,"Pik3cd"
"ENSMUSG00000068373","ENSMUSG00000068373",7,"D430041D05Rik"
"ENSMUSG00000021298","ENSMUSG00000021298",19,"Gpr132"
"ENSMUSG00000051008","ENSMUSG00000051008",19,NA
"ENSMUSG00000024679","ENSMUSG00000024679",3,"Ms4a6d"
"ENSMUSG00000024529","ENSMUSG00000024529",3,"Lox"
"ENSMUSG00000063430","ENSMUSG00000063430",6,"Wscd2"
"ENSMUSG00000035186","ENSMUSG00000035186",5,"Ubd"
"ENSMUSG00000056737","ENSMUSG00000056737",14,"Capg"
"ENSMUSG00000034762","ENSMUSG00000034762",31,"Glis1"
"ENSMUSG00000098148","ENSMUSG00000098148",28,NA
"ENSMUSG00000020253","ENSMUSG00000020253",30,"Ppm1m"
"ENSMUSG00000060063","ENSMUSG00000060063",3,"Alox5ap"
"ENSMUSG00000022021","ENSMUSG00000022021",1,"Diaph3"
"ENSMUSG00000090307","ENSMUSG00000090307",12,"1700071M16Rik"
"ENSMUSG00000078813","ENSMUSG00000078813",18,"Leng1"
"ENSMUSG00000072694","ENSMUSG00000072694",6,"1500011B03Rik"
"ENSMUSG00000009646","ENSMUSG00000009646",22,"Pla2g12b"
"ENSMUSG00000005611","ENSMUSG00000005611",7,"Mrvi1"
"ENSMUSG00000040249","ENSMUSG00000040249",3,"Lrp1"
"ENSMUSG00000048707","ENSMUSG00000048707",1,"Tprn"
"ENSMUSG00000060519","ENSMUSG00000060519",1,"Tor3a"
"ENSMUSG00000064109","ENSMUSG00000064109",3,"Hcst"
"ENSMUSG00000084106","ENSMUSG00000084106",4,NA
"ENSMUSG00000047746","ENSMUSG00000047746",2,"Fbxo40"
"ENSMUSG00000076609","ENSMUSG00000076609",6,NA
"ENSMUSG00000055633","ENSMUSG00000055633",8,"Zfp580"
"ENSMUSG00000021596","ENSMUSG00000021596",7,"Mctp1"
"ENSMUSG00000027597","ENSMUSG00000027597",2,"Ahcy"
"ENSMUSG00000028364","ENSMUSG00000028364",27,"Tnc"
"ENSMUSG00000037613","ENSMUSG00000037613",1,"Tnfrsf23"
"ENSMUSG00000035042","ENSMUSG00000035042",5,"Ccl5"
"ENSMUSG00000074715","ENSMUSG00000074715",2,"Ccl28"
"ENSMUSG00000070473","ENSMUSG00000070473",13,"Cldn3"
"ENSMUSG00000004637","ENSMUSG00000004637",15,"Wwox"
"ENSMUSG00000061186","ENSMUSG00000061186",22,"Sfmbt2"
"ENSMUSG00000002228","ENSMUSG00000002228",16,"Ppm1j"
"ENSMUSG00000039748","ENSMUSG00000039748",1,"Exo1"
"ENSMUSG00000033065","ENSMUSG00000033065",2,"Pfkm"
"ENSMUSG00000036764","ENSMUSG00000036764",6,"Dnajc12"
"ENSMUSG00000054435","ENSMUSG00000054435",9,"Gimap4"
"ENSMUSG00000069835","ENSMUSG00000069835",11,"Sat2"
"ENSMUSG00000025201","ENSMUSG00000025201",10,NA
"ENSMUSG00000048779","ENSMUSG00000048779",5,"P2ry6"
"ENSMUSG00000021411","ENSMUSG00000021411",13,"Pxdc1"
"ENSMUSG00000034675","ENSMUSG00000034675",15,"Dbn1"
"ENSMUSG00000032089","ENSMUSG00000032089",22,"Il10ra"
"ENSMUSG00000036899","ENSMUSG00000036899",8,"Trpv5"
"ENSMUSG00000035000","ENSMUSG00000035000",2,"Dpp4"
"ENSMUSG00000092990","ENSMUSG00000092990",15,"Mir466q"
"ENSMUSG00000060044","ENSMUSG00000060044",2,"Tmem26"
"ENSMUSG00000021047","ENSMUSG00000021047",8,"Nova1"
"ENSMUSG00000036561","ENSMUSG00000036561",2,"Ppp6r2"
"ENSMUSG00000022885","ENSMUSG00000022885",8,"St6gal1"
"ENSMUSG00000049971","ENSMUSG00000049971",2,"Glt1d1"
"ENSMUSG00000032564","ENSMUSG00000032564",11,"Cpne4"
"ENSMUSG00000058099","ENSMUSG00000058099",3,"Nfam1"
"ENSMUSG00000020658","ENSMUSG00000020658",12,"Efr3b"
"ENSMUSG00000025473","ENSMUSG00000025473",5,"Adam8"
"ENSMUSG00000029322","ENSMUSG00000029322",5,"Plac8"
"ENSMUSG00000041859","ENSMUSG00000041859",8,"Mcm3"
"ENSMUSG00000086869","ENSMUSG00000086869",1,NA
"ENSMUSG00000097927","ENSMUSG00000097927",2,NA
"ENSMUSG00000044444","ENSMUSG00000044444",2,"Pfn3"
"ENSMUSG00000025475","ENSMUSG00000025475",8,"Adgra1"
"ENSMUSG00000051728","ENSMUSG00000051728",6,"4930563D23Rik"
"ENSMUSG00000045509","ENSMUSG00000045509",25,"Gpr150"
"ENSMUSG00000068227","ENSMUSG00000068227",7,"Il2rb"
"ENSMUSG00000024743","ENSMUSG00000024743",2,"Syt7"
"ENSMUSG00000009687","ENSMUSG00000009687",15,"Fxyd5"
"ENSMUSG00000024912","ENSMUSG00000024912",1,"Fosl1"
"ENSMUSG00000026018","ENSMUSG00000026018",2,"Ica1l"
"ENSMUSG00000031847","ENSMUSG00000031847",15,"1700030J22Rik"
"ENSMUSG00000038552","ENSMUSG00000038552",1,"Fndc4"
"ENSMUSG00000074264","ENSMUSG00000074264",9,"Amy1"
"ENSMUSG00000074934","ENSMUSG00000074934",22,"Grem1"
"ENSMUSG00000021217","ENSMUSG00000021217",7,"Tshz3"
"ENSMUSG00000026009","ENSMUSG00000026009",16,"Icos"
"ENSMUSG00000085058","ENSMUSG00000085058",19,NA
"ENSMUSG00000040640","ENSMUSG00000040640",11,"Erc2"
"ENSMUSG00000022490","ENSMUSG00000022490",9,"Ppp1r1a"
"ENSMUSG00000002257","ENSMUSG00000002257",12,"Def6"
"ENSMUSG00000034855","ENSMUSG00000034855",8,"Cxcl10"
"ENSMUSG00000028262","ENSMUSG00000028262",5,"Clca3a2"
"ENSMUSG00000095306","ENSMUSG00000095306",16,NA
"ENSMUSG00000031750","ENSMUSG00000031750",1,"Il34"
"ENSMUSG00000025726","ENSMUSG00000025726",2,"Slc28a1"
"ENSMUSG00000050840","ENSMUSG00000050840",2,"Cdh20"
"ENSMUSG00000020475","ENSMUSG00000020475",2,"Pgam2"
"ENSMUSG00000039232","ENSMUSG00000039232",13,"Stx11"
"ENSMUSG00000075297","ENSMUSG00000075297",3,"H60b"
"ENSMUSG00000050645","ENSMUSG00000050645",6,"Defb19"
"ENSMUSG00000034871","ENSMUSG00000034871",2,"Fam151a"
"ENSMUSG00000026162","ENSMUSG00000026162",18,NA
"ENSMUSG00000092906","ENSMUSG00000092906",31,NA
"ENSMUSG00000081139","ENSMUSG00000081139",28,NA
"ENSMUSG00000085095","ENSMUSG00000085095",7,NA
"ENSMUSG00000000693","ENSMUSG00000000693",30,"Loxl3"
"ENSMUSG00000010066","ENSMUSG00000010066",4,"Cacna2d2"
"ENSMUSG00000041762","ENSMUSG00000041762",10,"Gpr155"
"ENSMUSG00000033906","ENSMUSG00000033906",15,"Zdhhc15"
"ENSMUSG00000045725","ENSMUSG00000045725",1,"Prr15"
"ENSMUSG00000048764","ENSMUSG00000048764",25,"Tmprss11f"
"ENSMUSG00000025082","ENSMUSG00000025082",20,"Vwa2"
"ENSMUSG00000043843","ENSMUSG00000043843",16,"Tmem145"
"ENSMUSG00000028753","ENSMUSG00000028753",5,"Vwa5b1"
"ENSMUSG00000018500","ENSMUSG00000018500",1,"Adora2b"
"ENSMUSG00000090087","ENSMUSG00000090087",13,"Gm15939"
"ENSMUSG00000016262","ENSMUSG00000016262",27,"Sertad4"
"ENSMUSG00000092920","ENSMUSG00000092920",27,NA
"ENSMUSG00000034438","ENSMUSG00000034438",2,"Gbp8"
"ENSMUSG00000087132","ENSMUSG00000087132",13,"A930001C03Rik"
"ENSMUSG00000054986","ENSMUSG00000054986",6,"Sec14l3"
"ENSMUSG00000053158","ENSMUSG00000053158",5,"Fes"
"ENSMUSG00000095959","ENSMUSG00000095959",16,NA
"ENSMUSG00000038980","ENSMUSG00000038980",29,"Rbbp8nl"
"ENSMUSG00000013707","ENSMUSG00000013707",5,"Tnfaip8l2"
"ENSMUSG00000048534","ENSMUSG00000048534",3,"Amica1"
"ENSMUSG00000035352","ENSMUSG00000035352",3,"Ccl12"
"ENSMUSG00000097047","ENSMUSG00000097047",25,"1110020A21Rik"
"ENSMUSG00000031023","ENSMUSG00000031023",6,"Akip1"
"ENSMUSG00000068323","ENSMUSG00000068323",3,"Slc4a5"
"ENSMUSG00000079014","ENSMUSG00000079014",30,"Serpina3i"
"ENSMUSG00000049241","ENSMUSG00000049241",9,"Hcar1"
"ENSMUSG00000054146","ENSMUSG00000054146",5,"Krt15"
"ENSMUSG00000052752","ENSMUSG00000052752",1,"Traf7"
"ENSMUSG00000027405","ENSMUSG00000027405",1,"Nop56"
"ENSMUSG00000081063","ENSMUSG00000081063",17,NA
"ENSMUSG00000039109","ENSMUSG00000039109",3,"F13a1"
"ENSMUSG00000040690","ENSMUSG00000040690",15,"Col16a1"
"ENSMUSG00000036602","ENSMUSG00000036602",3,"Alx1"
"ENSMUSG00000037376","ENSMUSG00000037376",15,"Trmt6"
"ENSMUSG00000025529","ENSMUSG00000025529",2,"Zfp711"
"ENSMUSG00000002266","ENSMUSG00000002266",6,"Zim1"
"ENSMUSG00000037813","ENSMUSG00000037813",8,"D630003M21Rik"
"ENSMUSG00000021062","ENSMUSG00000021062",8,"Rab15"
"ENSMUSG00000036446","ENSMUSG00000036446",7,"Lum"
"ENSMUSG00000035578","ENSMUSG00000035578",25,"Iqcg"
"ENSMUSG00000025909","ENSMUSG00000025909",6,"Sntg1"
"ENSMUSG00000072675","ENSMUSG00000072675",11,"Duxbl2"
"ENSMUSG00000038379","ENSMUSG00000038379",1,"Ttk"
"ENSMUSG00000023908","ENSMUSG00000023908",1,"Pkmyt1"
"ENSMUSG00000027022","ENSMUSG00000027022",5,"Xirp2"
"ENSMUSG00000044749","ENSMUSG00000044749",3,"Abca6"
"ENSMUSG00000040010","ENSMUSG00000040010",1,"Slc7a5"
"ENSMUSG00000048644","ENSMUSG00000048644",8,"Ctxn1"
"ENSMUSG00000068037","ENSMUSG00000068037",11,"Mas1"
"ENSMUSG00000053334","ENSMUSG00000053334",10,"Ficd"
"ENSMUSG00000039911","ENSMUSG00000039911",1,"Spsb1"
"ENSMUSG00000038524","ENSMUSG00000038524",5,"Fchsd1"
"ENSMUSG00000070802","ENSMUSG00000070802",22,"Pnmal2"
"ENSMUSG00000045876","ENSMUSG00000045876",3,"Pcdhb8"
"ENSMUSG00000035697","ENSMUSG00000035697",22,"Hmha1"
"ENSMUSG00000038903","ENSMUSG00000038903",2,"Ccdc68"
"ENSMUSG00000017264","ENSMUSG00000017264",15,"Exosc10"
"ENSMUSG00000020272","ENSMUSG00000020272",8,"Stk10"
"ENSMUSG00000059498","ENSMUSG00000059498",3,"Fcgr3"
"ENSMUSG00000006019","ENSMUSG00000006019",23,"Dhx34"
"ENSMUSG00000083411","ENSMUSG00000083411",23,NA
"ENSMUSG00000067206","ENSMUSG00000067206",9,"Lrrc66"
"ENSMUSG00000069607","ENSMUSG00000069607",7,"Cd300lh"
"ENSMUSG00000078451","ENSMUSG00000078451",2,"Ppil6"
"ENSMUSG00000056476","ENSMUSG00000056476",15,"Med12l"
"ENSMUSG00000084168","ENSMUSG00000084168",4,NA
"ENSMUSG00000071226","ENSMUSG00000071226",8,"Cecr2"
"ENSMUSG00000032735","ENSMUSG00000032735",32,"Ablim3"
"ENSMUSG00000025064","ENSMUSG00000025064",13,"Col17a1"
"ENSMUSG00000026728","ENSMUSG00000026728",14,"Vim"
"ENSMUSG00000002250","ENSMUSG00000002250",31,"Ppard"
"ENSMUSG00000025017","ENSMUSG00000025017",3,"Pik3ap1"
"ENSMUSG00000024393","ENSMUSG00000024393",1,"Prrc2a"
"ENSMUSG00000020399","ENSMUSG00000020399",15,"Havcr2"
"ENSMUSG00000096054","ENSMUSG00000096054",2,"Syne1"
"ENSMUSG00000092417","ENSMUSG00000092417",3,"Gpank1"
"ENSMUSG00000045994","ENSMUSG00000045994",32,"B3gat1"
"ENSMUSG00000091844","ENSMUSG00000091844",22,NA
"ENSMUSG00000073198","ENSMUSG00000073198",2,"Bnip3l-ps"
"ENSMUSG00000069792","ENSMUSG00000069792",3,"Wfdc17"
"ENSMUSG00000035775","ENSMUSG00000035775",13,"Krt20"
"ENSMUSG00000078963","ENSMUSG00000078963",11,"Hsbp1l1"
"ENSMUSG00000074028","ENSMUSG00000074028",2,"Slc22a13"
"ENSMUSG00000094338","ENSMUSG00000094338",8,"Hist1h2bl"
"ENSMUSG00000028771","ENSMUSG00000028771",33,"Ptpn12"
"ENSMUSG00000041481","ENSMUSG00000041481",22,NA
"ENSMUSG00000053862","ENSMUSG00000053862",11,"Slc51b"
"ENSMUSG00000052396","ENSMUSG00000052396",9,"Mogat2"
"ENSMUSG00000028197","ENSMUSG00000028197",8,"Col24a1"
"ENSMUSG00000085329","ENSMUSG00000085329",16,NA
"ENSMUSG00000047344","ENSMUSG00000047344",6,"Lancl3"
"ENSMUSG00000051278","ENSMUSG00000051278",13,"Zgrf1"
"ENSMUSG00000022244","ENSMUSG00000022244",2,"Amacr"
"ENSMUSG00000072596","ENSMUSG00000072596",19,"Ear2"
"ENSMUSG00000033152","ENSMUSG00000033152",3,"Podxl2"
"ENSMUSG00000084983","ENSMUSG00000084983",2,NA
"ENSMUSG00000020844","ENSMUSG00000020844",28,"Nxn"
"ENSMUSG00000025933","ENSMUSG00000025933",7,"Tmem14a"
"ENSMUSG00000044551","ENSMUSG00000044551",3,"9930012K11Rik"
"ENSMUSG00000032528","ENSMUSG00000032528",10,"Vipr1"
"ENSMUSG00000061959","ENSMUSG00000061959",2,"Ces1e"
"ENSMUSG00000074480","ENSMUSG00000074480",8,"Mex3a"
"ENSMUSG00000038256","ENSMUSG00000038256",20,"Bcl9"
"ENSMUSG00000034570","ENSMUSG00000034570",2,"Inpp5j"
"ENSMUSG00000059060","ENSMUSG00000059060",13,"Rad51b"
"ENSMUSG00000090115","ENSMUSG00000090115",8,"Usp49"
"ENSMUSG00000086706","ENSMUSG00000086706",2,NA
"ENSMUSG00000022949","ENSMUSG00000022949",3,"Clic6"
"ENSMUSG00000081824","ENSMUSG00000081824",12,NA
"ENSMUSG00000052852","ENSMUSG00000052852",9,"Reep1"
"ENSMUSG00000075025","ENSMUSG00000075025",2,"Gm10804"
"ENSMUSG00000081355","ENSMUSG00000081355",14,NA
"ENSMUSG00000069372","ENSMUSG00000069372",16,"Ctxn3"
"ENSMUSG00000066902","ENSMUSG00000066902",6,NA
"ENSMUSG00000022215","ENSMUSG00000022215",2,"Fitm1"
"ENSMUSG00000050164","ENSMUSG00000050164",32,"Mchr1"
"ENSMUSG00000057789","ENSMUSG00000057789",1,"Bak1"
"ENSMUSG00000026494","ENSMUSG00000026494",22,"Kif26b"
"ENSMUSG00000020191","ENSMUSG00000020191",8,"4930415F15Rik"
"ENSMUSG00000064796","ENSMUSG00000064796",8,"Terc"
"ENSMUSG00000035355","ENSMUSG00000035355",2,"Kcnh4"
"ENSMUSG00000030867","ENSMUSG00000030867",8,"Plk1"
"ENSMUSG00000093968","ENSMUSG00000093968",13,NA
"ENSMUSG00000031980","ENSMUSG00000031980",1,"Agt"
"ENSMUSG00000098424","ENSMUSG00000098424",10,NA
"ENSMUSG00000044646","ENSMUSG00000044646",3,"Zbtb7c"
"ENSMUSG00000082051","ENSMUSG00000082051",8,NA
"ENSMUSG00000022221","ENSMUSG00000022221",8,"Ripk3"
"ENSMUSG00000030111","ENSMUSG00000030111",8,"A2m"
"ENSMUSG00000034311","ENSMUSG00000034311",14,"Kif4"
"ENSMUSG00000074467","ENSMUSG00000074467",15,NA
"ENSMUSG00000000682","ENSMUSG00000000682",27,"Cd52"
"ENSMUSG00000086916","ENSMUSG00000086916",4,NA
"ENSMUSG00000068252","ENSMUSG00000068252",8,"Apol7b"
"ENSMUSG00000050994","ENSMUSG00000050994",3,"Adgb"
"ENSMUSG00000091115","ENSMUSG00000091115",15,NA
"ENSMUSG00000053980","ENSMUSG00000053980",5,NA
"ENSMUSG00000022754","ENSMUSG00000022754",19,"Tmem45a"
"ENSMUSG00000028909","ENSMUSG00000028909",6,"Ptpru"
"ENSMUSG00000084880","ENSMUSG00000084880",22,"Tomm6os"
"ENSMUSG00000034379","ENSMUSG00000034379",15,"Wdr5b"
"ENSMUSG00000067878","ENSMUSG00000067878",13,"Mtap7d3"
"ENSMUSG00000001281","ENSMUSG00000001281",22,"Itgb7"
"ENSMUSG00000065259","ENSMUSG00000065259",4,"Snora30"
"ENSMUSG00000098318","ENSMUSG00000098318",8,"Lockd"
"ENSMUSG00000037477","ENSMUSG00000037477",11,"Tbx10"
"ENSMUSG00000069917","ENSMUSG00000069917",10,"Hba-a2"
"ENSMUSG00000008305","ENSMUSG00000008305",8,"Tle1"
"ENSMUSG00000012017","ENSMUSG00000012017",3,"Scarf2"
"ENSMUSG00000020159","ENSMUSG00000020159",19,"Gabrp"
"ENSMUSG00000032322","ENSMUSG00000032322",30,"Pstpip1"
"ENSMUSG00000000142","ENSMUSG00000000142",19,"Axin2"
"ENSMUSG00000059195","ENSMUSG00000059195",4,NA
"ENSMUSG00000031210","ENSMUSG00000031210",7,"Gpr165"
"ENSMUSG00000087291","ENSMUSG00000087291",24,"Gm11946"
"ENSMUSG00000018752","ENSMUSG00000018752",14,"Tnfsfm13"
"ENSMUSG00000051811","ENSMUSG00000051811",30,"Cox6b2"
"ENSMUSG00000022952","ENSMUSG00000022952",8,"Runx1"
"ENSMUSG00000024013","ENSMUSG00000024013",5,"Fgd2"
"ENSMUSG00000023972","ENSMUSG00000023972",21,"Ptk7"
"ENSMUSG00000027398","ENSMUSG00000027398",19,"Il1b"
"ENSMUSG00000080627","ENSMUSG00000080627",2,NA
"ENSMUSG00000082209","ENSMUSG00000082209",6,NA
"ENSMUSG00000094683","ENSMUSG00000094683",4,NA
"ENSMUSG00000035373","ENSMUSG00000035373",8,"Ccl7"
"ENSMUSG00000034336","ENSMUSG00000034336",26,"Ina"
"ENSMUSG00000068399","ENSMUSG00000068399",8,NA
"ENSMUSG00000039092","ENSMUSG00000039092",12,"Sptlc3"
"ENSMUSG00000022762","ENSMUSG00000022762",4,"Ncam2"
"ENSMUSG00000067149","ENSMUSG00000067149",2,"Jchain"
"ENSMUSG00000097442","ENSMUSG00000097442",30,NA
"ENSMUSG00000089655","ENSMUSG00000089655",2,NA
"ENSMUSG00000085116","ENSMUSG00000085116",26,NA
"ENSMUSG00000025044","ENSMUSG00000025044",13,"Msr1"
"ENSMUSG00000046733","ENSMUSG00000046733",8,"Gprc5a"
"ENSMUSG00000033589","ENSMUSG00000033589",1,"Reep4"
"ENSMUSG00000038776","ENSMUSG00000038776",8,"Ephx1"
"ENSMUSG00000074417","ENSMUSG00000074417",27,"Pira11"
"ENSMUSG00000093649","ENSMUSG00000093649",2,NA
"ENSMUSG00000033377","ENSMUSG00000033377",7,"Palmd"
"ENSMUSG00000074971","ENSMUSG00000074971",10,"Fibin"
"ENSMUSG00000040978","ENSMUSG00000040978",2,"Gm11992"
"ENSMUSG00000004341","ENSMUSG00000004341",2,"Gpx6"
"ENSMUSG00000095457","ENSMUSG00000095457",13,NA
"ENSMUSG00000041559","ENSMUSG00000041559",2,"Fmod"
"ENSMUSG00000047166","ENSMUSG00000047166",7,NA
"ENSMUSG00000022887","ENSMUSG00000022887",5,"Masp1"
"ENSMUSG00000089536","ENSMUSG00000089536",13,"Scarna3a"
"ENSMUSG00000027364","ENSMUSG00000027364",21,"Usp50"
"ENSMUSG00000070873","ENSMUSG00000070873",7,"Lilra5"
"ENSMUSG00000014592","ENSMUSG00000014592",27,"Camta1"
"ENSMUSG00000018566","ENSMUSG00000018566",7,"Slc2a4"
"ENSMUSG00000017724","ENSMUSG00000017724",8,"Etv4"
"ENSMUSG00000048628","ENSMUSG00000048628",22,NA
"ENSMUSG00000074575","ENSMUSG00000074575",11,"Kcng1"
"ENSMUSG00000031722","ENSMUSG00000031722",16,"Hp"
"ENSMUSG00000029869","ENSMUSG00000029869",33,"Ephb6"
"ENSMUSG00000095315","ENSMUSG00000095315",16,NA
"ENSMUSG00000091900","ENSMUSG00000091900",32,NA
"ENSMUSG00000060036","ENSMUSG00000060036",4,"Rpl3"
"ENSMUSG00000081933","ENSMUSG00000081933",2,NA
"ENSMUSG00000023120","ENSMUSG00000023120",11,"Gm853"
"ENSMUSG00000026415","ENSMUSG00000026415",2,"Fcamr"
"ENSMUSG00000086754","ENSMUSG00000086754",14,NA
"ENSMUSG00000025196","ENSMUSG00000025196",5,"Cpn1"
"ENSMUSG00000055116","ENSMUSG00000055116",31,"Arntl"
"ENSMUSG00000024053","ENSMUSG00000024053",15,"Emilin2"
"ENSMUSG00000096795","ENSMUSG00000096795",22,"Zfp433"
"ENSMUSG00000058290","ENSMUSG00000058290",8,"Espl1"
"ENSMUSG00000035365","ENSMUSG00000035365",8,"Parpbp"
"ENSMUSG00000074970","ENSMUSG00000074970",2,NA
"ENSMUSG00000033952","ENSMUSG00000033952",8,"Aspm"
"ENSMUSG00000061144","ENSMUSG00000061144",8,"Spink12"
"ENSMUSG00000095648","ENSMUSG00000095648",32,NA
"ENSMUSG00000021221","ENSMUSG00000021221",2,"Dpf3"
"ENSMUSG00000051506","ENSMUSG00000051506",22,"Wdfy4"
"ENSMUSG00000087187","ENSMUSG00000087187",8,NA
"ENSMUSG00000076433","ENSMUSG00000076433",27,"BC100451"
"ENSMUSG00000030789","ENSMUSG00000030789",19,"Itgax"
"ENSMUSG00000091649","ENSMUSG00000091649",3,"Phf11b"
"ENSMUSG00000010435","ENSMUSG00000010435",1,"Spaca7"
"ENSMUSG00000070720","ENSMUSG00000070720",21,"Tmem200b"
"ENSMUSG00000093580","ENSMUSG00000093580",1,NA
"ENSMUSG00000089735","ENSMUSG00000089735",13,NA
"ENSMUSG00000026628","ENSMUSG00000026628",14,"Atf3"
"ENSMUSG00000089994","ENSMUSG00000089994",3,NA
"ENSMUSG00000050675","ENSMUSG00000050675",19,"Gp1ba"
"ENSMUSG00000057605","ENSMUSG00000057605",15,NA
"ENSMUSG00000094613","ENSMUSG00000094613",6,"A630076J17Rik"
"ENSMUSG00000025366","ENSMUSG00000025366",30,"Esyt1"
"ENSMUSG00000021880","ENSMUSG00000021880",7,"Rnase6"
"ENSMUSG00000059674","ENSMUSG00000059674",1,"Cdh24"
"ENSMUSG00000057967","ENSMUSG00000057967",14,"Fgf18"
"ENSMUSG00000043419","ENSMUSG00000043419",4,"Chd3os"
"ENSMUSG00000086539","ENSMUSG00000086539",7,NA
"ENSMUSG00000039364","ENSMUSG00000039364",2,"Sectm1b"
"ENSMUSG00000036912","ENSMUSG00000036912",1,"Piwil4"
"ENSMUSG00000011254","ENSMUSG00000011254",11,"Thg1l"
"ENSMUSG00000061099","ENSMUSG00000061099",5,"Gapdhs"
"ENSMUSG00000087026","ENSMUSG00000087026",33,"A230103J11Rik"
"ENSMUSG00000082510","ENSMUSG00000082510",2,NA
"ENSMUSG00000026548","ENSMUSG00000026548",3,"Slamf9"
"ENSMUSG00000032532","ENSMUSG00000032532",11,"Cck"
"ENSMUSG00000072082","ENSMUSG00000072082",16,"Ccnf"
"ENSMUSG00000042766","ENSMUSG00000042766",3,"Trim46"
"ENSMUSG00000047501","ENSMUSG00000047501",1,"Cldn4"
"ENSMUSG00000048402","ENSMUSG00000048402",31,"Gli2"
"ENSMUSG00000043290","ENSMUSG00000043290",20,"Zfp784"
"ENSMUSG00000022385","ENSMUSG00000022385",8,"Gtse1"
"ENSMUSG00000020868","ENSMUSG00000020868",10,"Xylt2"
"ENSMUSG00000074445","ENSMUSG00000074445",25,"Sprr2a3"
"ENSMUSG00000029034","ENSMUSG00000029034",4,"Cpsf3l"
"ENSMUSG00000052364","ENSMUSG00000052364",7,"B630019K06Rik"
"ENSMUSG00000053279","ENSMUSG00000053279",8,"Aldh1a1"
"ENSMUSG00000023927","ENSMUSG00000023927",22,"Satb1"
"ENSMUSG00000024922","ENSMUSG00000024922",9,"Ovol1"
"ENSMUSG00000086231","ENSMUSG00000086231",6,NA
"ENSMUSG00000079357","ENSMUSG00000079357",25,NA
"ENSMUSG00000098024","ENSMUSG00000098024",23,NA
"ENSMUSG00000002006","ENSMUSG00000002006",3,"Pdzd4"
"ENSMUSG00000079429","ENSMUSG00000079429",1,"Mroh2a"
"ENSMUSG00000020150","ENSMUSG00000020150",2,"Gamt"
"ENSMUSG00000069308","ENSMUSG00000069308",24,"Hist1h2bp"
"ENSMUSG00000048834","ENSMUSG00000048834",6,"Vstm2a"
"ENSMUSG00000079709","ENSMUSG00000079709",30,NA
"ENSMUSG00000069996","ENSMUSG00000069996",26,NA
"ENSMUSG00000016526","ENSMUSG00000016526",13,"Dyrk3"
"ENSMUSG00000043448","ENSMUSG00000043448",6,"Gjc2"
"ENSMUSG00000025422","ENSMUSG00000025422",7,"Agap2"
"ENSMUSG00000032968","ENSMUSG00000032968",5,"Inha"
"ENSMUSG00000022667","ENSMUSG00000022667",22,"Cd200r1"
"ENSMUSG00000028715","ENSMUSG00000028715",8,"Cyp4a14"
"ENSMUSG00000042662","ENSMUSG00000042662",2,"Dusp15"
"ENSMUSG00000069910","ENSMUSG00000069910",15,"Spdl1"
"ENSMUSG00000035783","ENSMUSG00000035783",1,"Acta2"
"ENSMUSG00000000028","ENSMUSG00000000028",1,"Cdc45"
"ENSMUSG00000078488","ENSMUSG00000078488",9,NA
"ENSMUSG00000073591","ENSMUSG00000073591",1,"Pcdhb22"
"ENSMUSG00000087071","ENSMUSG00000087071",7,NA
"ENSMUSG00000030641","ENSMUSG00000030641",1,"Ddias"
"ENSMUSG00000061062","ENSMUSG00000061062",20,NA
"ENSMUSG00000041889","ENSMUSG00000041889",1,"Shisa4"
"ENSMUSG00000041801","ENSMUSG00000041801",27,"Phlda3"
"ENSMUSG00000054499","ENSMUSG00000054499",24,"Dedd2"
"ENSMUSG00000034028","ENSMUSG00000034028",7,"Cd226"
"ENSMUSG00000047342","ENSMUSG00000047342",12,"Zfp286"
"ENSMUSG00000052423","ENSMUSG00000052423",30,"B4galt3"
"ENSMUSG00000083626","ENSMUSG00000083626",11,NA
"ENSMUSG00000066000","ENSMUSG00000066000",8,"2610305D13Rik"
"ENSMUSG00000098370","ENSMUSG00000098370",32,NA
"ENSMUSG00000051969","ENSMUSG00000051969",7,"Tlr11"
"ENSMUSG00000031304","ENSMUSG00000031304",7,"Il2rg"
"ENSMUSG00000073940","ENSMUSG00000073940",25,"Hbb-b1"
"ENSMUSG00000037239","ENSMUSG00000037239",1,"Spred3"
"ENSMUSG00000037583","ENSMUSG00000037583",2,"Nr0b2"
"ENSMUSG00000086554","ENSMUSG00000086554",13,NA
"ENSMUSG00000064208","ENSMUSG00000064208",25,NA
"ENSMUSG00000061577","ENSMUSG00000061577",30,"Adgrg5"
"ENSMUSG00000097675","ENSMUSG00000097675",6,"1700101I11Rik"
"ENSMUSG00000083396","ENSMUSG00000083396",11,NA
"ENSMUSG00000024347","ENSMUSG00000024347",15,"Psd2"
"ENSMUSG00000080848","ENSMUSG00000080848",4,NA
"ENSMUSG00000034493","ENSMUSG00000034493",10,NA
"ENSMUSG00000031494","ENSMUSG00000031494",3,"Cd209a"
"ENSMUSG00000067916","ENSMUSG00000067916",27,"Gm13139"
"ENSMUSG00000034764","ENSMUSG00000034764",27,NA
"ENSMUSG00000040751","ENSMUSG00000040751",3,"Lat2"
"ENSMUSG00000027570","ENSMUSG00000027570",12,"Col9a3"
"ENSMUSG00000051378","ENSMUSG00000051378",1,"Kif18b"
"ENSMUSG00000047098","ENSMUSG00000047098",30,"Rnf31"
"ENSMUSG00000081941","ENSMUSG00000081941",5,NA
"ENSMUSG00000001128","ENSMUSG00000001128",5,"Cfp"
"ENSMUSG00000018334","ENSMUSG00000018334",15,"Ksr1"
"ENSMUSG00000025735","ENSMUSG00000025735",1,"Rhbdl1"
"ENSMUSG00000060594","ENSMUSG00000060594",12,"Layn"
"ENSMUSG00000052105","ENSMUSG00000052105",22,"Mtcl1"
"ENSMUSG00000061603","ENSMUSG00000061603",6,"Akap6"
"ENSMUSG00000011171","ENSMUSG00000011171",26,"Vipr2"
"ENSMUSG00000015126","ENSMUSG00000015126",31,"Tsr3"
"ENSMUSG00000099011","ENSMUSG00000099011",15,"Mir6380"
"ENSMUSG00000026051","ENSMUSG00000026051",7,"1500015O10Rik"
"ENSMUSG00000029321","ENSMUSG00000029321",7,"Slc10a6"
"ENSMUSG00000028843","ENSMUSG00000028843",1,"Sh3bgrl3"
"ENSMUSG00000095079","ENSMUSG00000095079",7,NA
"ENSMUSG00000086342","ENSMUSG00000086342",5,NA
"ENSMUSG00000073478","ENSMUSG00000073478",3,NA
"ENSMUSG00000038071","ENSMUSG00000038071",5,"Npy6r"
"ENSMUSG00000027496","ENSMUSG00000027496",8,"Aurka"
"ENSMUSG00000097858","ENSMUSG00000097858",5,NA
"ENSMUSG00000081811","ENSMUSG00000081811",32,NA
"ENSMUSG00000098843","ENSMUSG00000098843",2,NA
"ENSMUSG00000080076","ENSMUSG00000080076",16,NA
"ENSMUSG00000027994","ENSMUSG00000027994",5,"Ccdc109b"
"ENSMUSG00000097067","ENSMUSG00000097067",3,NA
"ENSMUSG00000026837","ENSMUSG00000026837",27,"Col5a1"
"ENSMUSG00000034324","ENSMUSG00000034324",16,"Tmem132c"
"ENSMUSG00000071753","ENSMUSG00000071753",1,"C230004F18Rik"
"ENSMUSG00000021294","ENSMUSG00000021294",2,"Kif26a"
"ENSMUSG00000090263","ENSMUSG00000090263",14,"D730045A05Rik"
"ENSMUSG00000026295","ENSMUSG00000026295",10,"Spp2"
"ENSMUSG00000085262","ENSMUSG00000085262",25,NA
"ENSMUSG00000086645","ENSMUSG00000086645",10,NA
"ENSMUSG00000098276","ENSMUSG00000098276",8,"Mir6358"
"ENSMUSG00000025588","ENSMUSG00000025588",18,"Nat1"
"ENSMUSG00000024952","ENSMUSG00000024952",33,"Rps6ka4"
"ENSMUSG00000002104","ENSMUSG00000002104",7,"Rapsn"
"ENSMUSG00000087635","ENSMUSG00000087635",11,NA
"ENSMUSG00000037780","ENSMUSG00000037780",16,"Mbl1"
"ENSMUSG00000096472","ENSMUSG00000096472",3,"Cdkn2d"
"ENSMUSG00000049119","ENSMUSG00000049119",8,"Fam110b"
"ENSMUSG00000042988","ENSMUSG00000042988",11,"Notum"
"ENSMUSG00000032511","ENSMUSG00000032511",13,"Scn5a"
"ENSMUSG00000036925","ENSMUSG00000036925",3,"Mucl2"
"ENSMUSG00000093772","ENSMUSG00000093772",7,"4931403E22Rik"
"ENSMUSG00000052504","ENSMUSG00000052504",2,"Epha3"
"ENSMUSG00000018925","ENSMUSG00000018925",18,"Heatr9"
"ENSMUSG00000021356","ENSMUSG00000021356",5,"Irf4"
"ENSMUSG00000030725","ENSMUSG00000030725",13,"Lipt2"
"ENSMUSG00000092212","ENSMUSG00000092212",6,"Slc22a13b-ps"
"ENSMUSG00000030707","ENSMUSG00000030707",5,"Coro1a"
"ENSMUSG00000054256","ENSMUSG00000054256",15,"Msi1"
"ENSMUSG00000067106","ENSMUSG00000067106",4,NA
"ENSMUSG00000091477","ENSMUSG00000091477",1,"LOC101056159"
"ENSMUSG00000081665","ENSMUSG00000081665",5,"Pira1"
"ENSMUSG00000086930","ENSMUSG00000086930",6,"Frs3os"
"ENSMUSG00000091462","ENSMUSG00000091462",30,NA
"ENSMUSG00000088298","ENSMUSG00000088298",5,NA
"ENSMUSG00000036782","ENSMUSG00000036782",13,"Klhl13"
"ENSMUSG00000020788","ENSMUSG00000020788",7,"Atp2a3"
"ENSMUSG00000024306","ENSMUSG00000024306",1,"Ccdc178"
"ENSMUSG00000086886","ENSMUSG00000086886",17,NA
"ENSMUSG00000029851","ENSMUSG00000029851",30,"Tcaf2"
"ENSMUSG00000050936","ENSMUSG00000050936",1,NA
"ENSMUSG00000054885","ENSMUSG00000054885",3,NA
"ENSMUSG00000066319","ENSMUSG00000066319",11,"Rtp3"
"ENSMUSG00000081788","ENSMUSG00000081788",16,NA
"ENSMUSG00000047033","ENSMUSG00000047033",15,"Pcdhb15"
"ENSMUSG00000034353","ENSMUSG00000034353",3,"Ramp1"
"ENSMUSG00000089962","ENSMUSG00000089962",27,NA
"ENSMUSG00000041731","ENSMUSG00000041731",5,"Pgm5"
"ENSMUSG00000074218","ENSMUSG00000074218",2,"Cox7a1"
"ENSMUSG00000071036","ENSMUSG00000071036",21,NA
"ENSMUSG00000079497","ENSMUSG00000079497",3,"Gm13420"
"ENSMUSG00000047507","ENSMUSG00000047507",20,"Baiap3"
"ENSMUSG00000062044","ENSMUSG00000062044",22,"Lmtk3"
"ENSMUSG00000080845","ENSMUSG00000080845",31,NA
"ENSMUSG00000079015","ENSMUSG00000079015",1,"Serpina1c"
"ENSMUSG00000090576","ENSMUSG00000090576",33,NA
"ENSMUSG00000091997","ENSMUSG00000091997",31,NA
"ENSMUSG00000081619","ENSMUSG00000081619",13,NA
"ENSMUSG00000043903","ENSMUSG00000043903",13,NA
"ENSMUSG00000085110","ENSMUSG00000085110",9,NA
"ENSMUSG00000064193","ENSMUSG00000064193",25,NA
"ENSMUSG00000028541","ENSMUSG00000028541",1,"B4galt2"
"ENSMUSG00000070423","ENSMUSG00000070423",2,"Olfr558"
"ENSMUSG00000037280","ENSMUSG00000037280",5,"Galnt6"
"ENSMUSG00000040229","ENSMUSG00000040229",19,"Gpr34"
"ENSMUSG00000018819","ENSMUSG00000018819",3,"Lsp1"
"ENSMUSG00000097296","ENSMUSG00000097296",21,NA
"ENSMUSG00000030446","ENSMUSG00000030446",2,"Zfp273"
"ENSMUSG00000027603","ENSMUSG00000027603",14,"Ggt7"
"ENSMUSG00000028176","ENSMUSG00000028176",6,"Lrrc7"
"ENSMUSG00000041708","ENSMUSG00000041708",2,"Mpped1"
"ENSMUSG00000091021","ENSMUSG00000091021",1,NA
"ENSMUSG00000096493","ENSMUSG00000096493",4,NA
"ENSMUSG00000068101","ENSMUSG00000068101",8,"Cenpm"
"ENSMUSG00000097950","ENSMUSG00000097950",3,NA
"ENSMUSG00000078780","ENSMUSG00000078780",5,"Gm5150"
"ENSMUSG00000052305","ENSMUSG00000052305",10,"Hbb-b1"
"ENSMUSG00000061322","ENSMUSG00000061322",7,"Dnaic1"
"ENSMUSG00000088339","ENSMUSG00000088339",10,NA
"ENSMUSG00000086578","ENSMUSG00000086578",20,NA
"ENSMUSG00000065870","ENSMUSG00000065870",1,NA
"ENSMUSG00000027188","ENSMUSG00000027188",3,"Pamr1"
"ENSMUSG00000041805","ENSMUSG00000041805",2,"Pramel1"
"ENSMUSG00000056899","ENSMUSG00000056899",29,"Immp2l"
"ENSMUSG00000050623","ENSMUSG00000050623",18,"Tex40"
"ENSMUSG00000002835","ENSMUSG00000002835",1,"Chaf1a"
"ENSMUSG00000022824","ENSMUSG00000022824",1,"Muc13"
"ENSMUSG00000028549","ENSMUSG00000028549",10,"Itgb3bp"
"ENSMUSG00000019789","ENSMUSG00000019789",22,"Hey2"
"ENSMUSG00000019987","ENSMUSG00000019987",8,"Arg1"
"ENSMUSG00000033731","ENSMUSG00000033731",2,NA
"ENSMUSG00000044320","ENSMUSG00000044320",15,"1700001O22Rik"
"ENSMUSG00000080956","ENSMUSG00000080956",24,NA
"ENSMUSG00000076287","ENSMUSG00000076287",27,NA
"ENSMUSG00000039824","ENSMUSG00000039824",32,"Myl6b"
"ENSMUSG00000022372","ENSMUSG00000022372",3,"Sla"
"ENSMUSG00000015476","ENSMUSG00000015476",2,"Prrt1"
"ENSMUSG00000040963","ENSMUSG00000040963",19,"Asgr2"
"ENSMUSG00000006241","ENSMUSG00000006241",5,"Ccdc159"
"ENSMUSG00000046157","ENSMUSG00000046157",9,"Tmem229b"
"ENSMUSG00000022639","ENSMUSG00000022639",33,NA
"ENSMUSG00000032649","ENSMUSG00000032649",6,"Colgalt2"
"ENSMUSG00000028883","ENSMUSG00000028883",10,"Sema3a"
"ENSMUSG00000055188","ENSMUSG00000055188",16,"Rbm3os"
"ENSMUSG00000021415","ENSMUSG00000021415",10,"4933417A18Rik"
"ENSMUSG00000096962","ENSMUSG00000096962",10,NA
"ENSMUSG00000064764","ENSMUSG00000064764",14,NA
"ENSMUSG00000049536","ENSMUSG00000049536",6,"Tceal1"
"ENSMUSG00000049685","ENSMUSG00000049685",10,"Cyp2g1"
"ENSMUSG00000087503","ENSMUSG00000087503",3,NA
"ENSMUSG00000066682","ENSMUSG00000066682",8,"Pilrb2"
"ENSMUSG00000002769","ENSMUSG00000002769",2,"Gnmt"
"ENSMUSG00000022018","ENSMUSG00000022018",2,"Rgcc"
"ENSMUSG00000037621","ENSMUSG00000037621",3,"Atoh8"
"ENSMUSG00000046178","ENSMUSG00000046178",6,"Nxph1"
"ENSMUSG00000024858","ENSMUSG00000024858",21,"Adrbk1"
"ENSMUSG00000030142","ENSMUSG00000030142",1,"Clec4e"
"ENSMUSG00000080878","ENSMUSG00000080878",6,NA
"ENSMUSG00000027953","ENSMUSG00000027953",8,"Slc50a1"
"ENSMUSG00000090707","ENSMUSG00000090707",2,NA
"ENSMUSG00000053219","ENSMUSG00000053219",1,"Raet1e"
"ENSMUSG00000045657","ENSMUSG00000045657",7,"Pcdhb10"
"ENSMUSG00000080715","ENSMUSG00000080715",30,NA
"ENSMUSG00000092490","ENSMUSG00000092490",20,NA
"ENSMUSG00000081723","ENSMUSG00000081723",3,NA
"ENSMUSG00000088049","ENSMUSG00000088049",9,NA
"ENSMUSG00000005553","ENSMUSG00000005553",7,"Atp4a"
"ENSMUSG00000026581","ENSMUSG00000026581",5,"Sell"
"ENSMUSG00000089782","ENSMUSG00000089782",25,NA
"ENSMUSG00000051435","ENSMUSG00000051435",27,"Fhad1"
"ENSMUSG00000096641","ENSMUSG00000096641",11,"Gm904"
"ENSMUSG00000032940","ENSMUSG00000032940",31,"Rbm11"
"ENSMUSG00000034452","ENSMUSG00000034452",33,"Slc24a1"
"ENSMUSG00000032103","ENSMUSG00000032103",30,"Pus3"
"ENSMUSG00000060024","ENSMUSG00000060024",24,"Vmn1r213"
"ENSMUSG00000035983","ENSMUSG00000035983",18,"Gm7008"
"ENSMUSG00000096024","ENSMUSG00000096024",15,NA
"ENSMUSG00000097494","ENSMUSG00000097494",11,"4933406C10Rik"
"ENSMUSG00000094686","ENSMUSG00000094686",2,"Ccl21a"
"ENSMUSG00000089966","ENSMUSG00000089966",3,NA
"ENSMUSG00000097000","ENSMUSG00000097000",14,NA
"ENSMUSG00000048915","ENSMUSG00000048915",8,"Efna5"
"ENSMUSG00000027801","ENSMUSG00000027801",11,"Tm4sf4"
